x,p,T
1.01,101325,300
1.02,101325,300
1.03,101325,300
1.04,101325,300
1.05,101325,300
1.06,101325,300
1.07,101325,300
1.08,101325,300
1.09,101325,300
1.1,101325,300
1.11,101325,300
1.12,101325,300
1.13,101325,300
1.14,101325,300
1.15,101325,300
1.16,101325,300
1.17,101325,300
1.18,101325,300
1.19,101325,300
1.2,101325,300
1.21,101325,300
1.22,101325,300
1.23,101325,300
1.24,101325,300
1.25,101325,300
1.26,101325,300
1.27,101325,300
1.28,101325,300
1.29,101325,300
1.3,101325,300
1.31,101325,300
1.32,101325,300
1.33,101325,300
1.34,101325,300
1.35,101325,300
1.36,101325,300
1.37,101325,300
1.38,101325,300
1.39,101325,300
1.4,101325,300
1.41,101325,300
1.42,101325,300
1.43,101325,300
1.44,101325,300
1.45,101325,300
1.46,101325,300
1.47,101325,300
1.48,101325,300
1.49,101325,300
1.5,101325,300
1.51,101325,300
1.52,101325,300
1.53,101325,300
1.54,101325,300
1.55,101325,300
1.56,101325,300
1.57,101325,300
1.58,101325,300
1.59,101325,300
1.6,101325,300
1.61,101325,300
1.62,101325,300
1.63,101325,300
1.64,101325,300
1.65,101325,300
1.66,101325,300
1.67,101325,300
1.68,101325,300
1.69,101325,300
1.7,101325,300
1.71,101325,300
1.72,101325,300
1.73,101325,300
1.74,101325,300
1.75,101325,300
1.76,101325,300
1.77,101325,300
1.78,101325,300
1.79,101325,300
1.8,101325,300
1.81,101325,300
1.82,101325,300
1.83,101325,300
1.84,101325,300
1.85,101325,300
1.86,101325,300
1.87,101325,300
1.88,101325,300
1.89,101325,300
1.9,101325,300
1.91,101325,300
1.92,101325,300
1.93,101325,300
1.94,101325,300
1.95,101325,300
1.96,101325,300
1.97,101325,300
1.98,101325,300
1.99,101325,300
2,101325,300
2.01,101325,300
2.02,101325,300
2.03,101325,300
2.04,101325,300
2.05,101325,300
2.06,101325,300
2.07,101325,300
2.08,101325,300
2.09,101325,300
2.1,101325,300
2.11,101325,300
2.12,101325,300
2.13,101325,300
2.14,101325,300
2.15,101325,300
2.16,101325,300
2.17,101325,300
2.18,101325,300
2.19,101325,300
2.2,101325,300
2.21,101325,300
2.22,101325,300
2.23,101325,300
2.24,101325,300
2.25,101325,300
2.26,101325,300
2.27,101325,300
2.28,101325,300
2.29,101325,300
2.3,101325,300
2.31,101325,300
2.32,101325,300
2.33,101325,300
2.34,101325,300
2.35,101325,300
2.36,101325,300
2.37,101325,300
2.38,101325,300
2.39,101325,300
2.4,101325,300
2.41,101325,300
2.42,101325,300
2.43,101325,300
2.44,101325,300
2.45,101325,300
2.46,101325,300
2.47,101325,300
2.48,101325,300
2.49,101325,300
2.5,101325,300
2.51,101325,300
2.52,101325,300
2.53,101325,300
2.54,101325,300
2.55,101325,300
2.56,101325,300
2.57,101325,300
2.58,101325,300
2.59,101325,300
2.6,101325,300
2.61,101325,300
2.62,101325,300
2.63,101325,300
2.64,101325,300
2.65,101325,300
2.66,101325,300
2.67,101325,300
2.68,101325,300
2.69,101325,300
2.7,101325,300
2.71,101325,300
2.72,101325,300
2.73,101325,300
2.74,101325,300
2.75,101325,300
2.76,101325,300
2.77,101325,300
2.78,101325,300
2.79,101325,300
2.8,101325,300
2.81,101325,300
2.82,101325,300
2.83,101325,300
2.84,101325,300
2.85,101325,300
2.86,101325,300
2.87,101325,300
2.88,101325,300
2.89,101325,300
2.9,101325,300
2.91,101325,300
2.92,101325,300
2.93,101325,300
2.94,101325,300
2.95,101325,300
2.96,101325,300
2.97,101325,300
2.98,101325,300
2.99,101325,300
3,101325,300
3.01,101325,300
3.02,101325,300
3.03,101325,300
3.04,101325,300
3.05,101325,300
3.06,101325,300
3.07,101325,300
3.08,101325,300
3.09,101325,300
3.1,101325,300
3.11,101325,300
3.12,101325,300
3.13,101325,300
3.14,101325,300
3.15,101325,300
3.16,101325,300
3.17,101325,300
3.18,101325,300
3.19,101325,300
3.2,101325,300
3.21,101325,300
3.22,101325,300
3.23,101325,300
3.24,101325,300
3.25,101325,300
3.26,101325,300
3.27,101325,300
3.28,101325,300
3.29,101325,300
3.3,101325,300
3.31,101325,300
3.32,101325,300
3.33,101325,300
3.34,101325,300
3.35,101325,300
3.36,101325,300
3.37,101325,300
3.38,101325,300
3.39,101325,300
3.4,101325,300
3.41,101325,300
3.42,101325,300
3.43,101325,300
3.44,101325,300
3.45,101325,300
3.46,101325,300
3.47,101325,300
3.48,101325,300
3.49,101325,300
3.5,101325,300
3.51,101325,300
3.52,101325,300
3.53,101325,300
3.54,101325,300
3.55,101325,300
3.56,101325,300
3.57,101325,300
3.58,101325,300
3.59,101325,300
3.6,101325,300
3.61,101325,300
3.62,101325,300
3.63,101325,300
3.64,101325,300
3.65,101325,300
3.66,101325,300
3.67,101325,300
3.68,101325,300
3.69,101325,300
3.7,101325,300
3.71,101325,300
3.72,101325,300
3.73,101325,300
3.74,101325,300
3.75,101325,300
3.76,101325,300
3.77,101325,300
3.78,101325,300
3.79,101325,300
3.8,101325,300
3.81,101325,300
3.82,101325,300
3.83,101325,300
3.84,101325,300
3.85,101325,300
3.86,101325,300
3.87,101325,300
3.88,101325,300
3.89,101325,300
3.9,101325,300
3.91,101325,300
3.92,101325,300
3.93,101325,300
3.94,101325,300
3.95,101325,300
3.96,101325,300
3.97,101325,300
3.98,101325,300
3.99,101325,300
4,101325,300
4.01,101325,300
4.02,101325,300
4.03,101325,300
4.04,101325,300
4.05,101325,300
4.06,101325,300
4.07,101325,300
4.08,101325,300
4.09,101325,300
4.1,101325,300
4.11,101325,300
4.12,101325,300
4.13,101325,300
4.14,101325,300
4.15,101325,300
4.16,101325,300
4.17,101325,300
4.18,101325,300
4.19,101325,300
4.2,101325,300
4.21,101325,300
4.22,101325,300
4.23,101325,300
4.24,101325,300
4.25,101325,300
4.26,101325,300
4.27,101325,300
4.28,101325,300
4.29,101325,300
4.3,101325,300
4.31,101325,300
4.32,101325,300
4.33,101325,300
4.34,101325,300
4.35,101325,300
4.36,101325,300
4.37,101325,300
4.38,101325,300
4.39,101325,300
4.4,101325,300
4.41,101325,300
4.42,101325,300
4.43,101325,300
4.44,101325,300
4.45,101325,300
4.46,101325,300
4.47,101325,300
4.48,101325,300
4.49,101325,300
4.5,101325,300
4.51,101325,300
4.52,101325,300
4.53,101325,300
4.54,101325,300
4.55,101325,300
4.56,101325,300
4.57,101325,300
4.58,101325,300
4.59,101325,300
4.6,101325,300
4.61,101325,300
4.62,101325,300
4.63,101325,300
4.64,101325,300
4.65,101325,300
4.66,101325,300
4.67,101325,300
4.68,101325,300
4.69,101325,300
4.7,101325,300
4.71,101325,300
4.72,101325,300
4.73,101325,300
4.74,101325,300
4.75,101325,300
4.76,101325,300
4.77,101325,300
4.78,101325,300
4.79,101325,300
4.8,101325,300
4.81,101325,300
4.82,101325,300
4.83,101325,300
4.84,101325,300
4.85,101325,300
4.86,101325,300
4.87,101325,300
4.88,101325,300
4.89,101325,300
4.9,101325,300
4.91,101325,300
4.92,101325,300
4.93,101325,300
4.94,101325,300
4.95,101325,300
4.96,101325,300
4.97,101325,300
4.98,101325,300
4.99,101325,300
5,101325,300
5.01,101325,300
5.02,101325,300
5.03,101325,300
5.04,101325,300
5.05,101325,300
5.06,101325,300
5.07,101325,300
5.08,101325,300
5.09,101325,300
5.1,101325,300
5.11,101325,300
5.12,101325,300
5.13,101325,300
5.14,101325,300
5.15,101325,300
5.16,101325,300
5.17,101325,300
5.18,101325,300
5.19,101325,300
5.2,101325,300
5.21,101325,300
5.22,101325,300
5.23,101325,300
5.24,101325,300
5.25,101325,300
5.26,101325,300
5.27,101325,300
5.28,101325,300
5.29,101325,300
5.3,101325,300
5.31,101325,300
5.32,101325,300
5.33,101325,300
5.34,101325,300
5.35,101325,300
5.36,101325,300
5.37,101325,300
5.38,101325,300
5.39,101325,300
5.4,101325,300
5.41,101325,300
5.42,101325,300
5.43,101325,300
5.44,101325,300
5.45,101325,300
5.46,101325,300
5.47,101325,300
5.48,101325,300
5.49,101325,300
5.5,101325,300
5.51,101325,300
5.52,101325,300
5.53,101325,300
5.54,101325,300
5.55,101325,300
5.56,101325,300
5.57,101325,300
5.58,101325,300
5.59,101325,300
5.6,101325,300
5.61,101325,300
5.62,101325,300
5.63,101325,300
5.64,101325,300
5.65,101325,300
5.66,101325,300
5.67,101325,300
5.68,101325,300
5.69,101325,300
5.7,101325,300
5.71,101325,300
5.72,101325,300
5.73,101325,300
5.74,101325,300
5.75,101325,300
5.76,101325,300
5.77,101325,300
5.78,101325,300
5.79,101325,300
5.8,101325,300
5.81,101325,300
5.82,101325,300
5.83,101325,300
5.84,101325,300
5.85,101325,300
5.86,101325,300
5.87,101325,300
5.88,101325,300
5.89,101325,300
5.9,101325,300
5.91,101325,300
5.92,101325,300
5.93,101325,300
5.94,101325,300
5.95,101325,300
5.96,101325,300
5.97,101325,300
5.98,101325,300
5.99,101325,300
6,101325,300
6.01,101325,300
6.02,101325,300
6.03,101325,300
6.04,101325,300
6.05,101325,300
6.06,101325,300
6.07,101325,300
6.08,101325,300
6.09,101325,300
6.1,101325,300
6.11,101325,300
6.12,101325,300
6.13,101325,300
6.14,101325,300
6.15,101325,300
6.16,101325,300
6.17,101325,300
6.18,101325,300
6.19,101325,300
6.2,101325,300
6.21,101325,300
6.22,101325,300
6.23,101325,300
6.24,101325,300
6.25,101325,300
6.26,101325,300
6.27,101325,300
6.28,101325,300
6.29,101325,300
6.3,101325,300
6.31,101325,300
6.32,101325,300
6.33,101325,300
6.34,101325,300
6.35,101325,300
6.36,101325,300
6.37,101325,300
6.38,101325,300
6.39,101325,300
6.4,101325,300
6.41,101325,300
6.42,101325,300
6.43,101325,300
6.44,101325,300
6.45,101325,300
6.46,101325,300
6.47,101325,300
6.48,101325,300
6.49,101325,300
6.5,101325,300
6.51,101325,300
6.52,101325,300
6.53,101325,300
6.54,101325,300
6.55,101325,300
6.56,101325,300
6.57,101325,300
6.58,101325,300
6.59,101325,300
6.6,101325,300
6.61,101325,300
6.62,101325,300
6.63,101325,300
6.64,101325,300
6.65,101325,300
6.66,101325,300
6.67,101325,300
6.68,101325,300
6.69,101325,300
6.7,101325,300
6.71,101325,300
6.72,101325,300
6.73,101325,300
6.74,101325,300
6.75,101325,300
6.76,101325,300
6.77,101325,300
6.78,101325,300
6.79,101325,300
6.8,101325,300
6.81,101325,300
6.82,101325,300
6.83,101325,300
6.84,101325,300
6.85,101325,300
6.86,101325,300
6.87,101325,300
6.88,101325,300
6.89,101325,300
6.9,101325,300
6.91,101325,300
6.92,101325,300
6.93,101325,300
6.94,101325,300
6.95,101325,300
6.96,101325,300
6.97,101325,300
6.98,101325,300
6.99,101325,300
7,101325,300
7.01,101325,300
7.02,101325,300
7.03,101325,300
7.04,101325,300
7.05,101325,300
7.06,101325,300
7.07,101325,300
7.08,101325,300
7.09,101325,300
7.1,101325,300
7.11,101325,300
7.12,101325,300
7.13,101325,300
7.14,101325,300
7.15,101325,300
7.16,101325,300
7.17,101325,300
7.18,101325,300
7.19,101325,300
7.2,101325,300
7.21,101325,300
7.22,101325,300
7.23,101325,300
7.24,101325,300
7.25,101325,300
7.26,101325,300
7.27,101325,300
7.28,101325,300
7.29,101325,300
7.3,101325,300
7.31,101325,300
7.32,101325,300
7.33,101325,300
7.34,101325,300
7.35,101325,300
7.36,101325,300
7.37,101325,300
7.38,101325,300
7.39,101325,300
7.4,101325,300
7.41,101325,300
7.42,101325,300
7.43,101325,300
7.44,101325,300
7.45,101325,300
7.46,101325,300
7.47,101325,300
7.48,101325,300
7.49,101325,300
7.5,101325,300
7.51,101325,300
7.52,101325,300
7.53,101325,300
7.54,101325,300
7.55,101325,300
7.56,101325,300
7.57,101325,300
7.58,101325,300
7.59,101325,300
7.6,101325,300
7.61,101325,300
7.62,101325,300
7.63,101325,300
7.64,101325,300
7.65,101325,300
7.66,101325,300
7.67,101325,300
7.68,101325,300
7.69,101325,300
7.7,101325,300
7.71,101325,300
7.72,101325,300
7.73,101325,300
7.74,101325,300
7.75,101325,300
7.76,101325,300
7.77,101325,300
7.78,101325,300
7.79,101325,300
7.8,101325,300
7.81,101325,300
7.82,101325,300
7.83,101325,300
7.84,101325,300
7.85,101325,300
7.86,101325,300
7.87,101325,300
7.88,101325,300
7.89,101325,300
7.9,101325,300
7.91,101325,300
7.92,101325,300
7.93,101325,300
7.94,101325,300
7.95,101325,300
7.96,101325,300
7.97,101325,300
7.98,101325,300
7.99,101325,300
8,101325,300
8.01,101325,300
8.02,101325,300
8.03,101325,300
8.04,101325,300
8.05,101325,300
8.06,101325,300
8.07,101325,300
8.08,101325,300
8.09,101325,300
8.1,101325,300
8.11,101325,300
8.12,101325,300
8.13,101325,300
8.14,101325,300
8.15,101325,300
8.16,101325,300
8.17,101325,300
8.18,101325,300
8.19,101325,300
8.2,101325,300
8.21,101325,300
8.22,101325,300
8.23,101325,300
8.24,101325,300
8.25,101325,300
8.26,101325,300
8.27,101325,300
8.28,101325,300
8.29,101325,300
8.3,101325,300
8.31,101325,300
8.32,101325,300
8.33,101325,300
8.34,101325,300
8.35,101325,300
8.36,101325,300
8.37,101325,300
8.38,101325,300
8.39,101325,300
8.4,101325,300
8.41,101325,300
8.42,101325,300
8.43,101325,300
8.44,101325,300
8.45,101325,300
8.46,101325,300
8.47,101325,300
8.48,101325,300
8.49,101325,300
8.5,101325,300
8.51,101325,300
8.52,101325,300
8.53,101325,300
8.54,101325,300
8.55,101325,300
8.56,101325,300
8.57,101325,300
8.58,101325,300
8.59,101325,300
8.6,101325,300
8.61,101325,300
8.62,101325,300
8.63,101325,300
8.64,101325,300
8.65,101325,300
8.66,101325,300
8.67,101325,300
8.68,101325,300
8.69,101325,300
8.7,101325,300
8.71,101325,300
8.72,101325,300
8.73,101325,300
8.74,101325,300
8.75,101325,300
8.76,101325,300
8.77,101325,300
8.78,101325,300
8.79,101325,300
8.8,101325,300
8.81,101325,300
8.82,101325,300
8.83,101325,300
8.84,101325,300
8.85,101325,300
8.86,101325,300
8.87,101325,300
8.88,101325,300
8.89,101325,300
8.9,101325,300
8.91,101325,300
8.92,101325,300
8.93,101325,300
8.94,101325,300
8.95,101325,300
8.96,101325,300
8.97,101325,300
8.98,101325,300
8.99,101325,300
9,101325,300
9.01,101325,300
9.02,101325,300
9.03,101325,300
9.04,101325,300
9.05,101325,300
9.06,101325,300
9.07,101325,300
9.08,101325,300
9.09,101325,300
9.1,101325,300
9.11,101325,300
9.12,101325,300
9.13,101325,300
9.14,101325,300
9.15,101325,300
9.16,101325,300
9.17,101325,300
9.18,101325,300
9.19,101325,300
9.2,101325,300
9.21,101325,300
9.22,101325,300
9.23,101325,300
9.24,101325,300
9.25,101325,300
9.26,101325,300
9.27,101325,300
9.28,101325,300
9.29,101325,300
9.3,101325,300
9.31,101325,300
9.32,101325,300
9.33,101325,300
9.34,101325,300
9.35,101325,300
9.36,101325,300
9.37,101325,300
9.38,101325,300
9.39,101325,300
9.4,101325,300
9.41,101325,300
9.42,101325,300
9.43,101325,300
9.44,101325,300
9.45,101325,300
9.46,101325,300
9.47,101325,300
9.48,101325,300
9.49,101325,300
9.5,101325,300
9.51,101325,300
9.52,101325,300
9.53,101325,300
9.54,101325,300
9.55,101325,300
9.56,101325,300
9.57,101325,300
9.58,101325,300
9.59,101325,300
9.6,101325,300
9.61,101325,300
9.62,101325,300
9.63,101325,300
9.64,101325,300
9.65,101325,300
9.66,101325,300
9.67,101325,300
9.68,101325,300
9.69,101325,300
9.7,101325,300
9.71,101325,300
9.72,101325,300
9.73,101325,300
9.74,101325,300
9.75,101325,300
9.76,101325,300
9.77,101325,300
9.78,101325,300
9.79,101325,300
9.8,101325,300
9.81,101325,300
9.82,101325,300
9.83,101325,300
9.84,101325,300
9.85,101325,300
9.86,101325,300
9.87,101325,300
9.88,101325,300
9.89,101325,300
9.9,101325,300
9.91,101325,300
9.92,101325,300
9.93,101325,300
9.94,101325,300
9.95,101325,300
9.96,101325,300
9.97,101325,300
9.98,101325,300
9.99,101325,300
10,101325,300
10.01,101325,300
10.02,101325,300
10.03,101325,300
10.04,101325,300
10.05,101325,300
10.06,101325,300
10.07,101325,300
10.08,101325,300
10.09,101325,300
10.1,101325,300
10.11,101325,300
10.12,101325,300
10.13,101325,300
10.14,101325,300
10.15,101325,300
10.16,101325,300
10.17,101325,300
10.18,101325,300
10.19,101325,300
10.2,101325,300
10.21,101325,300
10.22,101325,300
10.23,101325,300
10.24,101325,300
10.25,101325,300
10.26,101325,300
10.27,101325,300
10.28,101325,300
10.29,101325,300
10.3,101325,300
10.31,101325,300
10.32,101325,300
10.33,101325,300
10.34,101325,300
10.35,101325,300
10.36,101325,300
10.37,101325,300
10.38,101325,300
10.39,101325,300
10.4,101325,300
10.41,101325,300
10.42,101325,300
10.43,101325,300
10.44,101325,300
10.45,101325,300
10.46,101325,300
10.47,101325,300
10.48,101325,300
10.49,101325,300
10.5,101325,300
10.51,101325,300
10.52,101325,300
10.53,101325,300
10.54,101325,300
10.55,101325,300
10.56,101325,300
10.57,101325,300
10.58,101325,300
10.59,101325,300
10.6,101325,300
10.61,101325,300
10.62,101325,300
10.63,101325,300
10.64,101325,300
10.65,101325,300
10.66,101325,300
10.67,101325,300
10.68,101325,300
10.69,101325,300
10.7,101325,300
10.71,101325,300
10.72,101325,300
10.73,101325,300
10.74,101325,300
10.75,101325,300
10.76,101325,300
10.77,101325,300
10.78,101325,300
10.79,101325,300
10.8,101325,300
10.81,101325,300
10.82,101325,300
10.83,101325,300
10.84,101325,300
10.85,101325,300
10.86,101325,300
10.87,101325,300
10.88,101325,300
10.89,101325,300
10.9,101325,300
10.91,101325,300
10.92,101325,300
10.93,101325,300
10.94,101325,300
10.95,101325,300
10.96,101325,300
10.97,101325,300
10.98,101325,300
10.99,101325,300
11,101325,300
11.01,101325,300
11.02,101325,300
11.03,101325,300
11.04,101325,300
11.05,101325,300
11.06,101325,300
11.07,101325,300
11.08,101325,300
11.09,101325,300
11.1,101325,300
11.11,101325,300
11.12,101325,300
11.13,101325,300
11.14,101325,300
11.15,101325,300
11.16,101325,300
11.17,101325,300
11.18,101325,300
11.19,101325,300
11.2,101325,300
11.21,101325,300
11.22,101325,300
11.23,101325,300
11.24,101325,300
11.25,101325,300
11.26,101325,300
11.27,101325,300
11.28,101325,300
11.29,101325,300
11.3,101325,300
11.31,101325,300
11.32,101325,300
11.33,101325,300
11.34,101325,300
11.35,101325,300
11.36,101325,300
11.37,101325,300
11.38,101325,300
11.39,101325,300
11.4,101325,300
11.41,101325,300
11.42,101325,300
11.43,101325,300
11.44,101325,300
11.45,101325,300
11.46,101325,300
11.47,101325,300
11.48,101325,300
11.49,101325,300
11.5,101325,300
11.51,101325,300
11.52,101325,300
11.53,101325,300
11.54,101325,300
11.55,101325,300
11.56,101325,300
11.57,101325,300
11.58,101325,300
11.59,101325,300
11.6,101325,300
11.61,101325,300
11.62,101325,300
11.63,101325,300
11.64,101325,300
11.65,101325,300
11.66,101325,300
11.67,101325,300
11.68,101325,300
11.69,101325,300
11.7,101325,300
11.71,101325,300
11.72,101325,300
11.73,101325,300
11.74,101325,300
11.75,101325,300
11.76,101325,300
11.77,101325,300
11.78,101325,300
11.79,101325,300
11.8,101325,300
11.81,101325,300
11.82,101325,300
11.83,101325,300
11.84,101325,300
11.85,101325,300
11.86,101325,300
11.87,101325,300
11.88,101325,300
11.89,101325,300
11.9,101325,300
11.91,101325,300
11.92,101325,300
11.93,101325,300
11.94,101325,300
11.95,101325,300
11.96,101325,300
11.97,101325,300
11.98,101325,300
11.99,101325,300
12,101325,300
12.01,101325,300
12.02,101325,300
12.03,101325,300
12.04,101325,300
12.05,101325,300
12.06,101325,300
12.07,101325,300
12.08,101325,300
12.09,101325,300
12.1,101325,300
12.11,101325,300
12.12,101325,300
12.13,101325,300
12.14,101325,300
12.15,101325,300
12.16,101325,300
12.17,101325,300
12.18,101325,300
12.19,101325,300
12.2,101325,300
12.21,101325,300
12.22,101325,300
12.23,101325,300
12.24,101325,300
12.25,101325,300
12.26,101325,300
12.27,101325,300
12.28,101325,300
12.29,101325,300
12.3,101325,300
12.31,101325,300
12.32,101325,300
12.33,101325,300
12.34,101325,300
12.35,101325,300
12.36,101325,300
12.37,101325,300
12.38,101325,300
12.39,101325,300
12.4,101325,300
12.41,101325,300
12.42,101325,300
12.43,101325,300
12.44,101325,300
12.45,101325,300
12.46,101325,300
12.47,101325,300
12.48,101325,300
12.49,101325,300
12.5,101325,300
12.51,101325,300
12.52,101325,300
12.53,101325,300
12.54,101325,300
12.55,101325,300
12.56,101325,300
12.57,101325,300
12.58,101325,300
12.59,101325,300
12.6,101325,300
12.61,101325,300
12.62,101325,300
12.63,101325,300
12.64,101325,300
12.65,101325,300
12.66,101325,300
12.67,101325,300
12.68,101325,300
12.69,101325,300
12.7,101325,300
12.71,101325,300
12.72,101325,300
12.73,101325,300
12.74,101325,300
12.75,101325,300
12.76,101325,300
12.77,101325,300
12.78,101325,300
12.79,101325,300
12.8,101325,300
12.81,101325,300
12.82,101325,300
12.83,101325,300
12.84,101325,300
12.85,101325,300
12.86,101325,300
12.87,101325,300
12.88,101325,300
12.89,101325,300
12.9,101325,300
12.91,101325,300
12.92,101325,300
12.93,101325,300
12.94,101325,300
12.95,101325,300
12.96,101325,300
12.97,101325,300
12.98,101325,300
12.99,101325,300
13,101325,300
13.01,101325,300
13.02,101325,300
13.03,101325,300
13.04,101325,300
13.05,101325,300
13.06,101325,300
13.07,101325,300
13.08,101325,300
13.09,101325,300
13.1,101325,300
13.11,101325,300
13.12,101325,300
13.13,101325,300
13.14,101325,300
13.15,101325,300
13.16,101325,300
13.17,101325,300
13.18,101325,300
13.19,101325,300
13.2,101325,300
13.21,101325,300
13.22,101325,300
13.23,101325,300
13.24,101325,300
13.25,101325,300
13.26,101325,300
13.27,101325,300
13.28,101325,300
13.29,101325,300
13.3,101325,300
13.31,101325,300
13.32,101325,300
13.33,101325,300
13.34,101325,300
13.35,101325,300
13.36,101325,300
13.37,101325,300
13.38,101325,300
13.39,101325,300
13.4,101325,300
13.41,101325,300
13.42,101325,300
13.43,101325,300
13.44,101325,300
13.45,101325,300
13.46,101325,300
13.47,101325,300
13.48,101325,300
13.49,101325,300
13.5,101325,300
13.51,101325,300
13.52,101325,300
13.53,101325,300
13.54,101325,300
13.55,101325,300
13.56,101325,300
13.57,101325,300
13.58,101325,300
13.59,101325,300
13.6,101325,300
13.61,101325,300
13.62,101325,300
13.63,101325,300
13.64,101325,300
13.65,101325,300
13.66,101325,300
13.67,101325,300
13.68,101325,300
13.69,101325,300
13.7,101325,300
13.71,101325,300
13.72,101325,300
13.73,101325,300
13.74,101325,300
13.75,101325,300
13.76,101325,300
13.77,101325,300
13.78,101325,300
13.79,101325,300
13.8,101325,300
13.81,101325,300
13.82,101325,300
13.83,101325,300
13.84,101325,300
13.85,101325,300
13.86,101325,300
13.87,101325,300
13.88,101325,300
13.89,101325,300
13.9,101325,300
13.91,101325,300
13.92,101325,300
13.93,101325,300
13.94,101325,300
13.95,101325,300
13.96,101325,300
13.97,101325,300
13.98,101325,300
13.99,101325,300
14,101325,300
14.01,101325,300
14.02,101325,300
14.03,101325,300
14.04,101325,300
14.05,101325,300
14.06,101325,300
14.07,101325,300
14.08,101325,300
14.09,101325,300
14.1,101325,300
14.11,101325,300
14.12,101325,300
14.13,101325,300
14.14,101325,300
14.15,101325,300
14.16,101325,300
14.17,101325,300
14.18,101325,300
14.19,101325,300
14.2,101325,300
14.21,101325,300
14.22,101325,300
14.23,101325,300
14.24,101325,300
14.25,101325,300
14.26,101325,300
14.27,101325,300
14.28,101325,300
14.29,101325,300
14.3,101325,300
14.31,101325,300
14.32,101325,300
14.33,101325,300
14.34,101325,300
14.35,101325,300
14.36,101325,300
14.37,101325,300
14.38,101325,300
14.39,101325,300
14.4,101325,300
14.41,101325,300
14.42,101325,300
14.43,101325,300
14.44,101325,300
14.45,101325,300
14.46,101325,300
14.47,101325,300
14.48,101325,300
14.49,101325,300
14.5,101325,300
14.51,101325,300
14.52,101325,300
14.53,101325,300
14.54,101325,300
14.55,101325,300
14.56,101325,300
14.57,101325,300
14.58,101325,300
14.59,101325,300
14.6,101325,300
14.61,101325,300
14.62,101325,300
14.63,101325,300
14.64,101325,300
14.65,101325,300
14.66,101325,300
14.67,101325,300
14.68,101325,300
14.69,101325,300
14.7,101325,300
14.71,101325,300
14.72,101325,300
14.73,101325,300
14.74,101325,300
14.75,101325,300
14.76,101325,300
14.77,101325,300
14.78,101325,300
14.79,101325,300
14.8,101325,300
14.81,101325,300
14.82,101325,300
14.83,101325,300
14.84,101325,300
14.85,101325,300
14.86,101325,300
14.87,101325,300
14.88,101325,300
14.89,101325,300
14.9,101325,300
14.91,101325,300
14.92,101325,300
14.93,101325,300
14.94,101325,300
14.95,101325,300
14.96,101325,300
14.97,101325,300
14.98,101325,300
14.99,101325,300
15,101325,300
15.01,101325,300
15.02,101325,300
15.03,101325,300
15.04,101325,300
15.05,101325,300
15.06,101325,300
15.07,101325,300
15.08,101325,300
15.09,101325,300
15.1,101325,300
15.11,101325,300
15.12,101325,300
15.13,101325,300
15.14,101325,300
15.15,101325,300
15.16,101325,300
15.17,101325,300
15.18,101325,300
15.19,101325,300
15.2,101325,300
15.21,101325,300
15.22,101325,300
15.23,101325,300
15.24,101325,300
15.25,101325,300
15.26,101325,300
15.27,101325,300
15.28,101325,300
15.29,101325,300
15.3,101325,300
15.31,101325,300
15.32,101325,300
15.33,101325,300
15.34,101325,300
15.35,101325,300
15.36,101325,300
15.37,101325,300
15.38,101325,300
15.39,101325,300
15.4,101325,300
15.41,101325,300
15.42,101325,300
15.43,101325,300
15.44,101325,300
15.45,101325,300
15.46,101325,300
15.47,101325,300
15.48,101325,300
15.49,101325,300
15.5,101325,300
15.51,101325,300
15.52,101325,300
15.53,101325,300
15.54,101325,300
15.55,101325,300
15.56,101325,300
15.57,101325,300
15.58,101325,300
15.59,101325,300
15.6,101325,300
15.61,101325,300
15.62,101325,300
15.63,101325,300
15.64,101325,300
15.65,101325,300
15.66,101325,300
15.67,101325,300
15.68,101325,300
15.69,101325,300
15.7,101325,300
15.71,101325,300
15.72,101325,300
15.73,101325,300
15.74,101325,300
15.75,101325,300
15.76,101325,300
15.77,101325,300
15.78,101325,300
15.79,101325,300
15.8,101325,300
15.81,101325,300
15.82,101325,300
15.83,101325,300
15.84,101325,300
15.85,101325,300
15.86,101325,300
15.87,101325,300
15.88,101325,300
15.89,101325,300
15.9,101325,300
15.91,101325,300
15.92,101325,300
15.93,101325,300
15.94,101325,300
15.95,101325,300
15.96,101325,300
15.97,101325,300
15.98,101325,300
15.99,101325,300
16,101325,300
16.01,101325,300
16.02,101325,300
16.03,101325,300
16.04,101325,300
16.05,101325,300
16.06,101325,300
16.07,101325,300
16.08,101325,300
16.09,101325,300
16.1,101325,300
16.11,101325,300
16.12,101325,300
16.13,101325,300
16.14,101325,300
16.15,101325,300
16.16,101325,300
16.17,101325,300
16.18,101325,300
16.19,101325,300
16.2,101325,300
16.21,101325,300
16.22,101325,300
16.23,101325,300
16.24,101325,300
16.25,101325,300
16.26,101325,300
16.27,101325,300
16.28,101325,300
16.29,101325,300
16.3,101325,300
16.31,101325,300
16.32,101325,300
16.33,101325,300
16.34,101325,300
16.35,101325,300
16.36,101325,300
16.37,101325,300
16.38,101325,300
16.39,101325,300
16.4,101325,300
16.41,101325,300
16.42,101325,300
16.43,101325,300
16.44,101325,300
16.45,101325,300
16.46,101325,300
16.47,101325,300
16.48,101325,300
16.49,101325,300
16.5,101325,300
16.51,101325,300
16.52,101325,300
16.53,101325,300
16.54,101325,300
16.55,101325,300
16.56,101325,300
16.57,101325,300
16.58,101325,300
16.59,101325,300
16.6,101325,300
16.61,101325,300
16.62,101325,300
16.63,101325,300
16.64,101325,300
16.65,101325,300
16.66,101325,300
16.67,101325,300
16.68,101325,300
16.69,101325,300
16.7,101325,300
16.71,101325,300
16.72,101325,300
16.73,101325,300
16.74,101325,300
16.75,101325,300
16.76,101325,300
16.77,101325,300
16.78,101325,300
16.79,101325,300
16.8,101325,300
16.81,101325,300
16.82,101325,300
16.83,101325,300
16.84,101325,300
16.85,101325,300
16.86,101325,300
16.87,101325,300
16.88,101325,300
16.89,101325,300
16.9,101325,300
16.91,101325,300
16.92,101325,300
16.93,101325,300
16.94,101325,300
16.95,101325,300
16.96,101325,300
16.97,101325,300
16.98,101325,300
16.99,101325,300
17,101325,300
17.01,101325,300
17.02,101325,300
17.03,101325,300
17.04,101325,300
17.05,101325,300
17.06,101325,300
17.07,101325,300
17.08,101325,300
17.09,101325,300
17.1,101325,300
17.11,101325,300
17.12,101325,300
17.13,101325,300
17.14,101325,300
17.15,101325,300
17.16,101325,300
17.17,101325,300
17.18,101325,300
17.19,101325,300
17.2,101325,300
17.21,101325,300
17.22,101325,300
17.23,101325,300
17.24,101325,300
17.25,101325,300
17.26,101325,300
17.27,101325,300
17.28,101325,300
17.29,101325,300
17.3,101325,300
17.31,101325,300
17.32,101325,300
17.33,101325,300
17.34,101325,300
17.35,101325,300
17.36,101325,300
17.37,101325,300
17.38,101325,300
17.39,101325,300
17.4,101325,300
17.41,101325,300
17.42,101325,300
17.43,101325,300
17.44,101325,300
17.45,101325,300
17.46,101325,300
17.47,101325,300
17.48,101325,300
17.49,101325,300
17.5,101325,300
17.51,101325,300
17.52,101325,300
17.53,101325,300
17.54,101325,300
17.55,101325,300
17.56,101325,300
17.57,101325,300
17.58,101325,300
17.59,101325,300
17.6,101325,300
17.61,101325,300
17.62,101325,300
17.63,101325,300
17.64,101325,300
17.65,101325,300
17.66,101325,300
17.67,101325,300
17.68,101325,300
17.69,101325,300
17.7,101325,300
17.71,101325,300
17.72,101325,300
17.73,101325,300
17.74,101325,300
17.75,101325,300
17.76,101325,300
17.77,101325,300
17.78,101325,300
17.79,101325,300
17.8,101325,300
17.81,101325,300
17.82,101325,300
17.83,101325,300
17.84,101325,300
17.85,101325,300
17.86,101325,300
17.87,101325,300
17.88,101325,300
17.89,101325,300
17.9,101325,300
17.91,101325,300
17.92,101325,300
17.93,101325,300
17.94,101325,300
17.95,101325,300
17.96,101325,300
17.97,101325,300
17.98,101325,300
17.99,101325,300
18,101325,300
18.01,101325,300
18.02,101325,300
18.03,101325,300
18.04,101325,300
18.05,101325,300
18.06,101325,300
18.07,101325,300
18.08,101325,300
18.09,101325,300
18.1,101325,300
18.11,101325,300
18.12,101325,300
18.13,101325,300
18.14,101325,300
18.15,101325,300
18.16,101325,300
18.17,101325,300
18.18,101325,300
18.19,101325,300
18.2,101325,300
18.21,101325,300
18.22,101325,300
18.23,101325,300
18.24,101325,300
18.25,101325,300
18.26,101325,300
18.27,101325,300
18.28,101325,300
18.29,101325,300
18.3,101325,300
18.31,101325,300
18.32,101325,300
18.33,101325,300
18.34,101325,300
18.35,101325,300
18.36,101325,300
18.37,101325,300
18.38,101325,300
18.39,101325,300
18.4,101325,300
18.41,101325,300
18.42,101325,300
18.43,101325,300
18.44,101325,300
18.45,101325,300
18.46,101325,300
18.47,101325,300
18.48,101325,300
18.49,101325,300
18.5,101325,300
18.51,101325,300
18.52,101325,300
18.53,101325,300
18.54,101325,300
18.55,101325,300
18.56,101325,300
18.57,101325,300
18.58,101325,300
18.59,101325,300
18.6,101325,300
18.61,101325,300
18.62,101325,300
18.63,101325,300
18.64,101325,300
18.65,101325,300
18.66,101325,300
18.67,101325,300
18.68,101325,300
18.69,101325,300
18.7,101325,300
18.71,101325,300
18.72,101325,300
18.73,101325,300
18.74,101325,300
18.75,101325,300
18.76,101325,300
18.77,101325,300
18.78,101325,300
18.79,101325,300
18.8,101325,300
18.81,101325,300
18.82,101325,300
18.83,101325,300
18.84,101325,300
18.85,101325,300
18.86,101325,300
18.87,101325,300
18.88,101325,300
18.89,101325,300
18.9,101325,300
18.91,101325,300
18.92,101325,300
18.93,101325,300
18.94,101325,300
18.95,101325,300
18.96,101325,300
18.97,101325,300
18.98,101325,300
18.99,101325,300
19,101325,300
19.01,101325,300
19.02,101325,300
19.03,101325,300
19.04,101325,300
19.05,101325,300
19.06,101325,300
19.07,101325,300
19.08,101325,300
19.09,101325,300
19.1,101325,300
19.11,101325,300
19.12,101325,300
19.13,101325,300
19.14,101325,300
19.15,101325,300
19.16,101325,300
19.17,101325,300
19.18,101325,300
19.19,101325,300
19.2,101325,300
19.21,101325,300
19.22,101325,300
19.23,101325,300
19.24,101325,300
19.25,101325,300
19.26,101325,300
19.27,101325,300
19.28,101325,300
19.29,101325,300
19.3,101325,300
19.31,101325,300
19.32,101325,300
19.33,101325,300
19.34,101325,300
19.35,101325,300
19.36,101325,300
19.37,101325,300
19.38,101325,300
19.39,101325,300
19.4,101325,300
19.41,101325,300
19.42,101325,300
19.43,101325,300
19.44,101325,300
19.45,101325,300
19.46,101325,300
19.47,101325,300
19.48,101325,300
19.49,101325,300
19.5,101325,300
19.51,101325,300
19.52,101325,300
19.53,101325,300
19.54,101325,300
19.55,101325,300
19.56,101325,300
19.57,101325,300
19.58,101325,300
19.59,101325,300
19.6,101325,300
19.61,101325,300
19.62,101325,300
19.63,101325,300
19.64,101325,300
19.65,101325,300
19.66,101325,300
19.67,101325,300
19.68,101325,300
19.69,101325,300
19.7,101325,300
19.71,101325,300
19.72,101325,300
19.73,101325,300
19.74,101325,300
19.75,101325,300
19.76,101325,300
19.77,101325,300
19.78,101325,300
19.79,101325,300
19.8,101325,300
19.81,101325,300
19.82,101325,300
19.83,101325,300
19.84,101325,300
19.85,101325,300
19.86,101325,300
19.87,101325,300
19.88,101325,300
19.89,101325,300
19.9,101325,300
19.91,101325,300
19.92,101325,300
19.93,101325,300
19.94,101325,300
19.95,101325,300
19.96,101325,300
19.97,101325,300
19.98,101325,300
19.99,101325,300
20,101325,300
20.01,101325,300
20.02,101325,300
20.03,101325,300
20.04,101325,300
20.05,101325,300
20.06,101325,300
20.07,101325,300
20.08,101325,300
20.09,101325,300
20.1,101325,300
20.11,101325,300
20.12,101325,300
20.13,101325,300
20.14,101325,300
20.15,101325,300
20.16,101325,300
20.17,101325,300
20.18,101325,300
20.19,101325,300
20.2,101325,300
20.21,101325,300
20.22,101325,300
20.23,101325,300
20.24,101325,300
20.25,101325,300
20.26,101325,300
20.27,101325,300
20.28,101325,300
20.29,101325,300
20.3,101325,300
20.31,101325,300
20.32,101325,300
20.33,101325,300
20.34,101325,300
20.35,101325,300
20.36,101325,300
20.37,101325,300
20.38,101325,300
20.39,101325,300
20.4,101325,300
20.41,101325,300
20.42,101325,300
20.43,101325,300
20.44,101325,300
20.45,101325,300
20.46,101325,300
20.47,101325,300
20.48,101325,300
20.49,101325,300
20.5,101325,300
20.51,101325,300
20.52,101325,300
20.53,101325,300
20.54,101325,300
20.55,101325,300
20.56,101325,300
20.57,101325,300
20.58,101325,300
20.59,101325,300
20.6,101325,300
20.61,101325,300
20.62,101325,300
20.63,101325,300
20.64,101325,300
20.65,101325,300
20.66,101325,300
20.67,101325,300
20.68,101325,300
20.69,101325,300
20.7,101325,300
20.71,101325,300
20.72,101325,300
20.73,101325,300
20.74,101325,300
20.75,101325,300
20.76,101325,300
20.77,101325,300
20.78,101325,300
20.79,101325,300
20.8,101325,300
20.81,101325,300
20.82,101325,300
20.83,101325,300
20.84,101325,300
20.85,101325,300
20.86,101325,300
20.87,101325,300
20.88,101325,300
20.89,101325,300
20.9,101325,300
20.91,101325,300
20.92,101325,300
20.93,101325,300
20.94,101325,300
20.95,101325,300
20.96,101325,300
20.97,101325,300
20.98,101325,300
20.99,101325,300
21,101325,300
21.01,101325,300
21.02,101325,300
21.03,101325,300
21.04,101325,300
21.05,101325,300
21.06,101325,300
21.07,101325,300
21.08,101325,300
21.09,101325,300
21.1,101325,300
21.11,101325,300
21.12,101325,300
21.13,101325,300
21.14,101325,300
21.15,101325,300
21.16,101325,300
21.17,101325,300
21.18,101325,300
21.19,101325,300
21.2,101325,300
21.21,101325,300
21.22,101325,300
21.23,101325,300
21.24,101325,300
21.25,101325,300
21.26,101325,300
21.27,101325,300
21.28,101325,300
21.29,101325,300
21.3,101325,300
21.31,101325,300
21.32,101325,300
21.33,101325,300
21.34,101325,300
21.35,101325,300
21.36,101325,300
21.37,101325,300
21.38,101325,300
21.39,101325,300
21.4,101325,300
21.41,101325,300
21.42,101325,300
21.43,101325,300
21.44,101325,300
21.45,101325,300
21.46,101325,300
21.47,101325,300
21.48,101325,300
21.49,101325,300
21.5,101325,300
21.51,101325,300
21.52,101325,300
21.53,101325,300
21.54,101325,300
21.55,101325,300
21.56,101325,300
21.57,101325,300
21.58,101325,300
21.59,101325,300
21.6,101325,300
21.61,101325,300
21.62,101325,300
21.63,101325,300
21.64,101325,300
21.65,101325,300
21.66,101325,300
21.67,101325,300
21.68,101325,300
21.69,101325,300
21.7,101325,300
21.71,101325,300
21.72,101325,300
21.73,101325,300
21.74,101325,300
21.75,101325,300
21.76,101325,300
21.77,101325,300
21.78,101325,300
21.79,101325,300
21.8,101325,300
21.81,101325,300
21.82,101325,300
21.83,101325,300
21.84,101325,300
21.85,101325,300
21.86,101325,300
21.87,101325,300
21.88,101325,300
21.89,101325,300
21.9,101325,300
21.91,101325,300
21.92,101325,300
21.93,101325,300
21.94,101325,300
21.95,101325,300
21.96,101325,300
21.97,101325,300
21.98,101325,300
21.99,101325,300
22,101325,300
22.01,101325,300
22.02,101325,300
22.03,101325,300
22.04,101325,300
22.05,101325,300
22.06,101325,300
22.07,101325,300
22.08,101325,300
22.09,101325,300
22.1,101325,300
22.11,101325,300
22.12,101325,300
22.13,101325,300
22.14,101325,300
22.15,101325,300
22.16,101325,300
22.17,101325,300
22.18,101325,300
22.19,101325,300
22.2,101325,300
22.21,101325,300
22.22,101325,300
22.23,101325,300
22.24,101325,300
22.25,101325,300
22.26,101325,300
22.27,101325,300
22.28,101325,300
22.29,101325,300
22.3,101325,300
22.31,101325,300
22.32,101325,300
22.33,101325,300
22.34,101325,300
22.35,101325,300
22.36,101325,300
22.37,101325,300
22.38,101325,300
22.39,101325,300
22.4,101325,300
22.41,101325,300
22.42,101325,300
22.43,101325,300
22.44,101325,300
22.45,101325,300
22.46,101325,300
22.47,101325,300
22.48,101325,300
22.49,101325,300
22.5,101325,300
22.51,101325,300
22.52,101325,300
22.53,101325,300
22.54,101325,300
22.55,101325,300
22.56,101325,300
22.57,101325,300
22.58,101325,300
22.59,101325,300
22.6,101325,300
22.61,101325,300
22.62,101325,300
22.63,101325,300
22.64,101325,300
22.65,101325,300
22.66,101325,300
22.67,101325,300
22.68,101325,300
22.69,101325,300
22.7,101325,300
22.71,101325,300
22.72,101325,300
22.73,101325,300
22.74,101325,300
22.75,101325,300
22.76,101325,300
22.77,101325,300
22.78,101325,300
22.79,101325,300
22.8,101325,300
22.81,101325,300
22.82,101325,300
22.83,101325,300
22.84,101325,300
22.85,101325,300
22.86,101325,300
22.87,101325,300
22.88,101325,300
22.89,101325,300
22.9,101325,300
22.91,101325,300
22.92,101325,300
22.93,101325,300
22.94,101325,300
22.95,101325,300
22.96,101325,300
22.97,101325,300
22.98,101325,300
22.99,101325,300
23,101325,300
23.01,101325,300
23.02,101325,300
23.03,101325,300
23.04,101325,300
23.05,101325,300
23.06,101325,300
23.07,101325,300
23.08,101325,300
23.09,101325,300
23.1,101325,300
23.11,101325,300
23.12,101325,300
23.13,101325,300
23.14,101325,300
23.15,101325,300
23.16,101325,300
23.17,101325,300
23.18,101325,300
23.19,101325,300
23.2,101325,300
23.21,101325,300
23.22,101325,300
23.23,101325,300
23.24,101325,300
23.25,101325,300
23.26,101325,300
23.27,101325,300
23.28,101325,300
23.29,101325,300
23.3,101325,300
23.31,101325,300
23.32,101325,300
23.33,101325,300
23.34,101325,300
23.35,101325,300
23.36,101325,300
23.37,101325,300
23.38,101325,300
23.39,101325,300
23.4,101325,300
23.41,101325,300
23.42,101325,300
23.43,101325,300
23.44,101325,300
23.45,101325,300
23.46,101325,300
23.47,101325,300
23.48,101325,300
23.49,101325,300
23.5,101325,300
23.51,101325,300
23.52,101325,300
23.53,101325,300
23.54,101325,300
23.55,101325,300
23.56,101325,300
23.57,101325,300
23.58,101325,300
23.59,101325,300
23.6,101325,300
23.61,101325,300
23.62,101325,300
23.63,101325,300
23.64,101325,300
23.65,101325,300
23.66,101325,300
23.67,101325,300
23.68,101325,300
23.69,101325,300
23.7,101325,300
23.71,101325,300
23.72,101325,300
23.73,101325,300
23.74,101325,300
23.75,101325,300
23.76,101325,300
23.77,101325,300
23.78,101325,300
23.79,101325,300
23.8,101325,300
23.81,101325,300
23.82,101325,300
23.83,101325,300
23.84,101325,300
23.85,101325,300
23.86,101325,300
23.87,101325,300
23.88,101325,300
23.89,101325,300
23.9,101325,300
23.91,101325,300
23.92,101325,300
23.93,101325,300
23.94,101325,300
23.95,101325,300
23.96,101325,300
23.97,101325,300
23.98,101325,300
23.99,101325,300
24,101325,300
24.01,101325,300
24.02,101325,300
24.03,101325,300
24.04,101325,300
24.05,101325,300
24.06,101325,300
24.07,101325,300
24.08,101325,300
24.09,101325,300
24.1,101325,300
24.11,101325,300
24.12,101325,300
24.13,101325,300
24.14,101325,300
24.15,101325,300
24.16,101325,300
24.17,101325,300
24.18,101325,300
24.19,101325,300
24.2,101325,300
24.21,101325,300
24.22,101325,300
24.23,101325,300
24.24,101325,300
24.25,101325,300
24.26,101325,300
24.27,101325,300
24.28,101325,300
24.29,101325,300
24.3,101325,300
24.31,101325,300
24.32,101325,300
24.33,101325,300
24.34,101325,300
24.35,101325,300
24.36,101325,300
24.37,101325,300
24.38,101325,300
24.39,101325,300
24.4,101325,300
24.41,101325,300
24.42,101325,300
24.43,101325,300
24.44,101325,300
24.45,101325,300
24.46,101325,300
24.47,101325,300
24.48,101325,300
24.49,101325,300
24.5,101325,300
24.51,101325,300
24.52,101325,300
24.53,101325,300
24.54,101325,300
24.55,101325,300
24.56,101325,300
24.57,101325,300
24.58,101325,300
24.59,101325,300
24.6,101325,300
24.61,101325,300
24.62,101325,300
24.63,101325,300
24.64,101325,300
24.65,101325,300
24.66,101325,300
24.67,101325,300
24.68,101325,300
24.69,101325,300
24.7,101325,300
24.71,101325,300
24.72,101325,300
24.73,101325,300
24.74,101325,300
24.75,101325,300
24.76,101325,300
24.77,101325,300
24.78,101325,300
24.79,101325,300
24.8,101325,300
24.81,101325,300
24.82,101325,300
24.83,101325,300
24.84,101325,300
24.85,101325,300
24.86,101325,300
24.87,101325,300
24.88,101325,300
24.89,101325,300
24.9,101325,300
24.91,101325,300
24.92,101325,300
24.93,101325,300
24.94,101325,300
24.95,101325,300
24.96,101325,300
24.97,101325,300
24.98,101325,300
24.99,101325,300
25,101325,300
25.01,101325,300
25.02,101325,300
25.03,101325,300
25.04,101325,300
25.05,101325,300
25.06,101325,300
25.07,101325,300
25.08,101325,300
25.09,101325,300
25.1,101325,300
25.11,101325,300
25.12,101325,300
25.13,101325,300
25.14,101325,300
25.15,101325,300
25.16,101325,300
25.17,101325,300
25.18,101325,300
25.19,101325,300
25.2,101325,300
25.21,101325,300
25.22,101325,300
25.23,101325,300
25.24,101325,300
25.25,101325,300
25.26,101325,300
25.27,101325,300
25.28,101325,300
25.29,101325,300
25.3,101325,300
25.31,101325,300
25.32,101325,300
25.33,101325,300
25.34,101325,300
25.35,101325,300
25.36,101325,300
25.37,101325,300
25.38,101325,300
25.39,101325,300
25.4,101325,300
25.41,101325,300
25.42,101325,300
25.43,101325,300
25.44,101325,300
25.45,101325,300
25.46,101325,300
25.47,101325,300
25.48,101325,300
25.49,101325,300
25.5,101325,300
25.51,101325,300
25.52,101325,300
25.53,101325,300
25.54,101325,300
25.55,101325,300
25.56,101325,300
25.57,101325,300
25.58,101325,300
25.59,101325,300
25.6,101325,300
25.61,101325,300
25.62,101325,300
25.63,101325,300
25.64,101325,300
25.65,101325,300
25.66,101325,300
25.67,101325,300
25.68,101325,300
25.69,101325,300
25.7,101325,300
25.71,101325,300
25.72,101325,300
25.73,101325,300
25.74,101325,300
25.75,101325,300
25.76,101325,300
25.77,101325,300
25.78,101325,300
25.79,101325,300
25.8,101325,300
25.81,101325,300
25.82,101325,300
25.83,101325,300
25.84,101325,300
25.85,101325,300
25.86,101325,300
25.87,101325,300
25.88,101325,300
25.89,101325,300
25.9,101325,300
25.91,101325,300
25.92,101325,300
25.93,101325,300
25.94,101325,300
25.95,101325,300
25.96,101325,300
25.97,101325,300
25.98,101325,300
25.99,101325,300
